"state_fips","state_short","state","area_type","fips","period","year","labor_force","employment","unemployment","unemployment_rate"
2,"AK","Alaska","state",NA,"January",2019,344073,320262,23811,0.0692033376638097
2,"AK","Alaska","state",NA,"February",2019,345233,320946,24287,0.0703495899870522
2,"AK","Alaska","state",NA,"March",2019,345061,321606,23455,0.0679734887454682
2,"AK","Alaska","state",NA,"April",2019,343620,322011,21609,0.0628863279203772
2,"AK","Alaska","state",NA,"May",2019,348619,327590,21029,0.0603208660457405
2,"AK","Alaska","state",NA,"June",2019,355191,332930,22261,0.0626733222407099
2,"AK","Alaska","state",NA,"July",2019,359113,338963,20150,0.0561104721912044
2,"AK","Alaska","state",NA,"August",2019,353859,335054,18805,0.0531426359086529
2,"AK","Alaska","state",NA,"September",2019,348825,329519,19306,0.0553458037697986
2,"AK","Alaska","state",NA,"October",2019,344605,324904,19701,0.0571698031079062
2,"AK","Alaska","state",NA,"November",2019,343483,322573,20910,0.0608763752500124
2,"AK","Alaska","state",NA,"December",2019,341670,320804,20866,0.0610706237012322
2,"AK","Alaska","state",NA,"January",2020,339445,317141,22304,0.0657072574349306
2,"AK","Alaska","state",NA,"February",2020,338951,319053,19898,0.0587046505247071
2,"AK","Alaska","state",NA,"March",2020,340653,320700,19953,0.0585727998872753
2,"AK","Alaska","state",NA,"April",2020,334391,288431,45960,0.137443890535331
2,"AK","Alaska","state",NA,"May",2020,333842,292175,41667,0.124810539117307
1,"AL","Alabama","state",NA,"January",2019,2227943,2134636,93307,0.0418803353586694
1,"AL","Alabama","state",NA,"February",2019,2243685,2157859,85826,0.0382522502044627
1,"AL","Alabama","state",NA,"March",2019,2246183,2168869,77314,0.034420169683414
1,"AL","Alabama","state",NA,"April",2019,2235992,2177000,58992,0.0263829208691265
1,"AL","Alabama","state",NA,"May",2019,2232314,2176975,55339,0.0247899713033202
1,"AL","Alabama","state",NA,"June",2019,2246030,2172460,73570,0.0327555731668767
1,"AL","Alabama","state",NA,"July",2019,2245474,2175558,69916,0.0311364103970921
1,"AL","Alabama","state",NA,"August",2019,2235642,2169211,66431,0.0297145070632955
1,"AL","Alabama","state",NA,"September",2019,2237761,2180225,57536,0.025711414221626
1,"AL","Alabama","state",NA,"October",2019,2252789,2195676,57113,0.0253521301817436
1,"AL","Alabama","state",NA,"November",2019,2249775,2194914,54861,0.0243851051771844
1,"AL","Alabama","state",NA,"December",2019,2247379,2190412,56967,0.0253481944967894
1,"AL","Alabama","state",NA,"January",2020,2226903,2154610,72293,0.0324634705687675
1,"AL","Alabama","state",NA,"February",2020,2230950,2166736,64214,0.0287832537708151
1,"AL","Alabama","state",NA,"March",2020,2205479,2131621,73858,0.0334884168019736
1,"AL","Alabama","state",NA,"April",2020,2196340,1905736,290604,0.1323128477376
1,"AL","Alabama","state",NA,"May",2020,2241200,2030450,210750,0.0940344458325897
5,"AR","Arkansas","state",NA,"May",2020,1347400,1221410,125990,0.0935060115778536
5,"AR","Arkansas","state",NA,"April",2020,1309020,1174337,134683,0.102888420344991
5,"AR","Arkansas","state",NA,"March",2020,1378026,1311083,66943,0.0485789092513494
5,"AR","Arkansas","state",NA,"February",2020,1363390,1309672,53718,0.0394003183241772
5,"AR","Arkansas","state",NA,"January",2020,1350711,1295198,55513,0.0410990952172596
5,"AR","Arkansas","state",NA,"December",2019,1355941,1310216,45725,0.0337219687287279
5,"AR","Arkansas","state",NA,"November",2019,1361974,1320158,41816,0.0307024950549717
5,"AR","Arkansas","state",NA,"October",2019,1367199,1324968,42231,0.0308887001819048
5,"AR","Arkansas","state",NA,"September",2019,1364706,1319239,45467,0.0333163333347989
5,"AR","Arkansas","state",NA,"August",2019,1364195,1314696,49499,0.0362844021565832
5,"AR","Arkansas","state",NA,"July",2019,1379283,1322546,56737,0.0411351405041605
5,"AR","Arkansas","state",NA,"June",2019,1376830,1324372,52458,0.0381005643398241
5,"AR","Arkansas","state",NA,"May",2019,1363674,1317972,45702,0.0335138750170495
5,"AR","Arkansas","state",NA,"April",2019,1359511,1318262,41249,0.0303410564533865
5,"AR","Arkansas","state",NA,"March",2019,1358425,1311196,47229,0.0347674696799603
5,"AR","Arkansas","state",NA,"February",2019,1356816,1301762,55054,0.0405758776429523
5,"AR","Arkansas","state",NA,"January",2019,1343146,1286090,57056,0.042479373054009
4,"AZ","Arizona","state",NA,"January",2019,3495956,3316000,179956,0.0514754762359709
4,"AZ","Arizona","state",NA,"February",2019,3510890,3345482,165408,0.0471128403339324
4,"AZ","Arizona","state",NA,"March",2019,3521017,3355134,165883,0.0471122405827634
4,"AZ","Arizona","state",NA,"April",2019,3504642,3347524,157118,0.0448313979002706
4,"AZ","Arizona","state",NA,"May",2019,3514657,3353242,161415,0.0459262454344763
4,"AZ","Arizona","state",NA,"June",2019,3542293,3363543,178750,0.0504616642383902
4,"AZ","Arizona","state",NA,"July",2019,3550152,3369308,180844,0.0509397907469877
4,"AZ","Arizona","state",NA,"August",2019,3556056,3377650,178406,0.0501696261251229
4,"AZ","Arizona","state",NA,"September",2019,3591467,3426036,165431,0.0460622358495846
4,"AZ","Arizona","state",NA,"October",2019,3601094,3439957,161137,0.0447466797589844
4,"AZ","Arizona","state",NA,"November",2019,3615186,3460614,154572,0.0427563063145299
4,"AZ","Arizona","state",NA,"December",2019,3611711,3459557,152154,0.0421279554205749
4,"AZ","Arizona","state",NA,"January",2020,3616271,3448584,167687,0.0463701420607029
4,"AZ","Arizona","state",NA,"February",2020,3633324,3475066,158258,0.043557359596887
4,"AZ","Arizona","state",NA,"March",2020,3588453,3368003,220450,0.0614331579652848
4,"AZ","Arizona","state",NA,"April",2020,3534894,3070772,464122,0.131297289253935
4,"AZ","Arizona","state",NA,"May",2020,3535642,3226641,309001,0.0873960089850726
6,"CA","California","state",NA,"January",2019,19346200,18416400,929800,0.0480611179456431
6,"CA","California","state",NA,"January",2020,19477400,18637400,840000,0.043126906055223
6,"CA","California","state",NA,"February",2019,19429900,18562700,867200,0.044632242059918
6,"CA","California","state",NA,"February",2020,19528500,18686100,842400,0.0431369536830786
6,"CA","California","state",NA,"March",2019,19393100,18529000,864100,0.0445570847363237
6,"CA","California","state",NA,"March",2020,19192100,18085700,1106400,0.057648720046269
6,"CA","California","state",NA,"April",2019,19238900,18505200,733800,0.0381414737848838
6,"CA","California","state",NA,"April",2020,18518300,15524500,2993800,0.161667107671871
6,"CA","California","state",NA,"May",2019,19261800,18566800,694900,0.036076586819508
6,"CA","California","state",NA,"May",2020,18405800,15484600,2921200,0.158710841147899
6,"CA","California","state",NA,"June",2019,19325500,18530700,794800,0.0411270083568342
6,"CA","California","state",NA,"July",2019,19465600,18607800,857800,0.0440674831497616
6,"CA","California","state",NA,"August",2019,19428900,18620500,808400,0.0416081198626788
6,"CA","California","state",NA,"September",2019,19505800,18801600,704300,0.0361072091377949
6,"CA","California","state",NA,"October",2019,19538300,18812400,725900,0.0371526693724633
6,"CA","California","state",NA,"November",2019,19534600,18816600,718000,0.0367552957316761
6,"CA","California","state",NA,"December",2019,19470100,18758900,711200,0.0365278041715245
8,"CO","Colorado","state",NA,"January",2020,3169480,3079301,90179,0.0284523013238765
8,"CO","Colorado","state",NA,"February",2020,3190122,3096352,93770,0.0293938601721188
8,"CO","Colorado","state",NA,"March",2020,3120125,2952457,167668,0.0537375906414006
8,"CO","Colorado","state",NA,"April",2020,3039495,2669804,369691,0.121629086410736
8,"CO","Colorado","state",NA,"May",2020,3049684,2744071,305613,0.100211366161215
9,"CT","Connecticut","state",NA,"January",2020,1920807,1835656,85151,0.0443308463578069
9,"CT","Connecticut","state",NA,"February",2020,1917529,1833181,84348,0.0439878614612869
9,"CT","Connecticut","state",NA,"March",2020,1920978,1851926,69052,0.0359462732004219
9,"CT","Connecticut","state",NA,"April",2020,1761222,1619524,141698,0.0804543663433684
9,"CT","Connecticut","state",NA,"May",2020,1771587,1607435,164152,0.09265816468511
10,"DE","Delaware","state",NA,"January",2019,483380,464500,18880,0.0390582978195209
10,"DE","Delaware","state",NA,"February",2019,483342,464827,18515,0.0383062096817574
10,"DE","Delaware","state",NA,"March",2019,486109,468240,17869,0.036759245354437
10,"DE","Delaware","state",NA,"April",2019,486111,469229,16882,0.0347286936522728
10,"DE","Delaware","state",NA,"May",2019,484877,468619,16258,0.0335301530078762
10,"DE","Delaware","state",NA,"June",2019,490751,470852,19899,0.0405480579764483
10,"DE","Delaware","state",NA,"July",2019,492940,472697,20243,0.0410658497991642
10,"DE","Delaware","state",NA,"August",2019,490824,470590,20234,0.0412245529965935
10,"DE","Delaware","state",NA,"September",2019,484356,465447,18909,0.0390394668384411
10,"DE","Delaware","state",NA,"October",2019,487774,469025,18749,0.0384378831180014
10,"DE","Delaware","state",NA,"November",2019,488408,471118,17290,0.0354007305367643
10,"DE","Delaware","state",NA,"December",2019,488289,470989,17300,0.0354298376576167
10,"DE","Delaware","state",NA,"January",2020,486541,465899,20642,0.0424260237061214
10,"DE","Delaware","state",NA,"February",2020,488387,468625,19762,0.040463812509342
10,"DE","Delaware","state",NA,"March",2020,477155,453071,24084,0.0504741645796439
10,"DE","Delaware","state",NA,"April",2020,462965,394505,68460,0.147872949359023
10,"DE","Delaware","state",NA,"May",2020,470988,397964,73024,0.155044289875751
12,"FL","Florida","state",NA,"January",2020,10424000,10114000,310000,0.0297390636991558
12,"FL","Florida","state",NA,"February",2020,10482000,10184000,298000,0.0284296889906506
12,"FL","Florida","state",NA,"March",2020,10321000,9875000,446000,0.0432128669702548
12,"FL","Florida","state",NA,"April",2020,9442000,8168000,1274000,0.13492904045753
12,"FL","Florida","state",NA,"May",2020,9731000,8336000,1395000,0.143356284040695
13,"GA","Georgia","state",NA,"January",2020,5157403,4979349,178054,0.0345239648714673
13,"GA","Georgia","state",NA,"February",2020,5187312,5006089,181223,0.0349358203246691
13,"GA","Georgia","state",NA,"March",2020,5167293,4933883,233410,0.045170653183398
13,"GA","Georgia","state",NA,"April",2020,4880560,4286140,594420,0.12179340075729
13,"GA","Georgia","state",NA,"May",2020,4900874,4436196,464678,0.0948153329385738
15,"HI","Hawaii","state",NA,"January",2019,667650,648550,19150,0.028682693027784
15,"HI","Hawaii","state",NA,"February",2019,664850,647000,17850,0.0268481612393773
15,"HI","Hawaii","state",NA,"March",2019,665500,647550,17950,0.0269722013523666
15,"HI","Hawaii","state",NA,"April",2019,663200,646000,17250,0.0260102533172497
15,"HI","Hawaii","state",NA,"May",2019,660700,643650,17100,0.0258816406841229
15,"HI","Hawaii","state",NA,"June",2019,665600,643500,22100,0.033203125
15,"HI","Hawaii","state",NA,"July",2019,667200,648800,18450,0.0276528776978417
15,"HI","Hawaii","state",NA,"August",2019,663700,645900,17800,0.0268193460901009
15,"HI","Hawaii","state",NA,"September",2019,662550,643700,18850,0.0284506829673232
15,"HI","Hawaii","state",NA,"October",2019,663750,646200,17550,0.0264406779661017
15,"HI","Hawaii","state",NA,"November",2019,667850,650500,17350,0.0259788874747323
15,"HI","Hawaii","state",NA,"December",2019,667350,652350,15000,0.0224769611148573
15,"HI","Hawaii","state",NA,"January",2020,673450,654000,19450,0.028881134456901
15,"HI","Hawaii","state",NA,"February",2020,669100,651350,17750,0.0265281721715738
15,"HI","Hawaii","state",NA,"March",2020,667550,652500,15050,0.0225451277057898
15,"HI","Hawaii","state",NA,"April",2020,634100,484200,149900,0.236398044472481
15,"HI","Hawaii","state",NA,"May",2020,631600,489750,141850,0.224588347055098
19,"IA","Iowa","state",NA,"January",2019,1706900,1647700,59200,0.0346827582166501
19,"IA","Iowa","state",NA,"February",2019,1717000,1663300,53800,0.0313337216074549
19,"IA","Iowa","state",NA,"March",2019,1723600,1668200,55400,0.0321420283128336
19,"IA","Iowa","state",NA,"April",2019,1724100,1681300,42800,0.0248245461400151
19,"IA","Iowa","state",NA,"May",2019,1726200,1685200,41100,0.0238095238095238
19,"IA","Iowa","state",NA,"June",2019,1750400,1702100,48300,0.0275936928702011
19,"IA","Iowa","state",NA,"July",2019,1763400,1714600,48700,0.0276171033231258
19,"IA","Iowa","state",NA,"August",2019,1748000,1699700,48300,0.0276315789473684
19,"IA","Iowa","state",NA,"September",2019,1748300,1706800,41500,0.0237373448492822
19,"IA","Iowa","state",NA,"October",2019,1759300,1718500,40700,0.0231342011027113
19,"IA","Iowa","state",NA,"November",2019,1753000,1710300,42700,0.0243582430119795
19,"IA","Iowa","state",NA,"December",2019,1745700,1694400,51300,0.0293864925244887
19,"IA","Iowa","state",NA,"January",2020,1738100,1673900,64200,0.0369368851044244
19,"IA","Iowa","state",NA,"February",2020,1734300,1679800,54600,0.0314824424839993
19,"IA","Iowa","state",NA,"March",2020,1716500,1654600,61900,0.0360617535683076
19,"IA","Iowa","state",NA,"April",2020,1710000,1525300,184600,0.107953216374269
19,"IA","Iowa","state",NA,"May",2020,1681800,1519100,162700,0.0967415863955286
16,"ID","Idaho","state",NA,"May",2020,884204,808311,75893,0.0858320025695428
16,"ID","Idaho","state",NA,"April",2020,881168,776635,104533,0.118630045575872
16,"ID","Idaho","state",NA,"March",2020,889902,862872,27030,0.0303741310840969
16,"ID","Idaho","state",NA,"February",2020,891314,863857,27457,0.030805081037659
16,"ID","Idaho","state",NA,"January",2020,886931,855878,31053,0.0350117427398524
17,"IL","Illinois","state",NA,"January",2020,6312658,6059346,253312,0.0401276292807245
17,"IL","Illinois","state",NA,"February",2020,6336267,6112782,223485,0.0352707674723934
17,"IL","Illinois","state",NA,"March",2020,6267000,6004341,262659,0.0419114408808042
17,"IL","Illinois","state",NA,"April",2020,6090530,5069529,1021001,0.167637463406305
17,"IL","Illinois","state",NA,"May",2020,6265841,5345231,920610,0.146925209241664
20,"KS","Kansas","state",NA,"January",2020,1489402,1438709,50693,0.0340358076597185
20,"KS","Kansas","state",NA,"February",2020,1499466,1449696,49770,0.033191816286598
20,"KS","Kansas","state",NA,"March",2020,1501963,1458466,43497,0.0289601008813133
20,"KS","Kansas","state",NA,"April",2020,1496570,1321993,174577,0.116651409556519
20,"KS","Kansas","state",NA,"May",2020,1498065,1350797,147268,0.0983054807368172
21,"KY","Kentucky","state",NA,"January",2020,2084752,1994520,90232,0.0432818867663876
21,"KY","Kentucky","state",NA,"February",2020,2084089,1995951,88138,0.0422909002446633
21,"KY","Kentucky","state",NA,"March",2020,2066275,1958322,107953,0.0522452238932378
21,"KY","Kentucky","state",NA,"April",2020,2052263,1712526,339737,0.165542622948423
21,"KY","Kentucky","state",NA,"May",2020,2030556,1807888,222668,0.109658635368835
22,"LA","Louisiana","state",NA,"January",2020,2097045,1977412,119633,0.0570483704450787
22,"LA","Louisiana","state",NA,"February",2020,2096578,2006863,89715,0.0427911577818712
22,"LA","Louisiana","state",NA,"March",2020,2129078,1993963,135115,0.0634617425946818
22,"LA","Louisiana","state",NA,"April",2020,1929961,1649341,280620,0.145401901903717
22,"LA","Louisiana","state",NA,"May",2020,2041451,1774794,266657,0.1306213080794
25,"MA","Massachusetts","state",NA,"January",2020,3808800,3680500,128300,0.0336851501785339
25,"MA","Massachusetts","state",NA,"February",2020,3814900,3689300,125600,0.0329235366588901
25,"MA","Massachusetts","state",NA,"March",2020,3763600,3652100,111400,0.0295993198001913
25,"MA","Massachusetts","state",NA,"April",2020,3387200,2844000,543100,0.160338923004251
25,"MA","Massachusetts","state",NA,"May",2020,3514900,2942400,572500,0.162878033514467
25,"MA","Massachusetts","state",NA,"January",2019,3793621,3651529,142092,0.0374555075480656
25,"MA","Massachusetts","state",NA,"February",2019,3799710,3668644,131066,0.034493685044385
25,"MA","Massachusetts","state",NA,"March",2019,3801221,3676590,124631,0.0327870965671294
25,"MA","Massachusetts","state",NA,"April",2019,3784300,3680628,103672,0.0273952910710039
25,"MA","Massachusetts","state",NA,"May",2019,3790731,3681557,109174,0.0288002498726499
25,"MA","Massachusetts","state",NA,"June",2019,3851461,3730860,120601,0.0313130523715546
25,"MA","Massachusetts","state",NA,"July",2019,3865262,3744121,121141,0.0313409543777369
25,"MA","Massachusetts","state",NA,"August",2019,3855804,3747413,108391,0.0281111280552642
25,"MA","Massachusetts","state",NA,"September",2019,3798668,3697139,101529,0.0267275265961648
25,"MA","Massachusetts","state",NA,"October",2019,3819962,3729925,90037,0.0235701297552175
25,"MA","Massachusetts","state",NA,"November",2019,3825517,3737716,87801,0.0229514076136637
25,"MA","Massachusetts","state",NA,"December",2019,3822997,3732555,90442,0.0236573557342577
24,"MD","Maryland","state",NA,"January",2019,3229802,3090690,139112,0.0430713709385281
24,"MD","Maryland","state",NA,"February",2019,3231432,3101719,129713,0.0401410272597412
24,"MD","Maryland","state",NA,"March",2019,3239714,3118299,121415,0.0374770735935333
24,"MD","Maryland","state",NA,"April",2019,3226095,3122286,103809,0.0321779116857997
24,"MD","Maryland","state",NA,"May",2019,3244597,3133543,111054,0.0342273632133667
24,"MD","Maryland","state",NA,"June",2019,3285538,3158914,126624,0.0385398068748558
24,"MD","Maryland","state",NA,"July",2019,3316105,3187778,128327,0.0386981111876735
24,"MD","Maryland","state",NA,"August",2019,3280077,3157520,122557,0.0373640618802546
24,"MD","Maryland","state",NA,"September",2019,3264649,3157750,106899,0.0327444083575294
24,"MD","Maryland","state",NA,"October",2019,3278073,3169655,108418,0.0330736990908988
24,"MD","Maryland","state",NA,"November",2019,3270600,3166241,104359,0.0319082125603865
24,"MD","Maryland","state",NA,"December",2019,3261324,3163208,98116,0.0300847140609151
24,"MD","Maryland","state",NA,"January",2020,3269371,3153245,116126,0.0355193705455881
24,"MD","Maryland","state",NA,"February",2020,3272916,3156904,116012,0.0354460670545776
24,"MD","Maryland","state",NA,"March",2020,3276247,3161530,114717,0.0350147592657086
24,"MD","Maryland","state",NA,"April",2020,3089838,2787269,302569,0.0979239041011212
24,"MD","Maryland","state",NA,"May",2020,3103222,2802977,300245,0.0967526654554524
23,"ME","Maine","state",NA,"January",2019,685064,657261,27803,0.0405845293286467
23,"ME","Maine","state",NA,"January",2020,685269,657181,28088,0.0409882834332211
23,"ME","Maine","state",NA,"February",2019,684088,656960,27128,0.0396557168083638
23,"ME","Maine","state",NA,"February",2020,687867,658408,29459,0.0428265929314824
23,"ME","Maine","state",NA,"March",2019,685242,658765,26477,0.0386389042119426
23,"ME","Maine","state",NA,"March",2020,688274,663217,25057,0.0364055594138381
23,"ME","Maine","state",NA,"April",2019,685039,662063,22976,0.0335396962800658
23,"ME","Maine","state",NA,"April",2020,652223,581759,70464,0.108036668440089
23,"ME","Maine","state",NA,"May",2019,688088,667444,20644,0.030001976491379
23,"ME","Maine","state",NA,"May",2020,662567,600057,62510,0.0943451756577071
23,"ME","Maine","state",NA,"June",2019,701100,681752,19348,0.0275966338610755
23,"ME","Maine","state",NA,"June",2020,678778,635399,43379,0.0639074925822581
23,"ME","Maine","state",NA,"July",2019,708797,689906,18891,0.0266522008417079
23,"ME","Maine","state",NA,"August",2019,708364,692083,16281,0.0229839461068038
23,"ME","Maine","state",NA,"September",2019,692599,676574,16025,0.0231374864820769
23,"ME","Maine","state",NA,"October",2019,695929,679180,16749,0.0240671102942973
23,"ME","Maine","state",NA,"November",2019,689655,670139,19516,0.0282982070745518
23,"ME","Maine","state",NA,"December",2019,688899,668979,19920,0.0289157046243354
26,"MI","Michigan","state",NA,"January",2019,4909000,4662000,247000,0.0503157465878998
26,"MI","Michigan","state",NA,"February",2019,4933000,4710000,223000,0.0452057571457531
26,"MI","Michigan","state",NA,"March",2019,4937000,4709000,229000,0.0463844439943285
26,"MI","Michigan","state",NA,"April",2019,4885000,4705000,179000,0.0366427840327533
26,"MI","Michigan","state",NA,"May",2019,4924000,4739000,185000,0.0375710804224208
26,"MI","Michigan","state",NA,"June",2019,4971000,4759000,212000,0.0426473546570107
26,"MI","Michigan","state",NA,"January",2020,4924000,4714000,211000,0.0428513403736799
26,"MI","Michigan","state",NA,"February",2020,4953000,4774000,180000,0.0363416111447607
26,"MI","Michigan","state",NA,"March",2020,4900000,4702000,198000,0.0404081632653061
26,"MI","Michigan","state",NA,"April",2020,4553000,3477000,1076000,0.236327696024599
26,"MI","Michigan","state",NA,"May",2020,4754000,3769000,985000,0.207193941943626
26,"MI","Michigan","state",NA,"July",2019,4995000,4743000,253000,0.0506506506506506
26,"MI","Michigan","state",NA,"August",2019,4965000,4756000,209000,0.0420946626384693
26,"MI","Michigan","state",NA,"September",2019,4931000,4758000,173000,0.0350841614277023
26,"MI","Michigan","state",NA,"October",2019,4943000,4770000,174000,0.035201294760267
26,"MI","Michigan","state",NA,"November",2019,4931000,4772000,159000,0.032244980734131
26,"MI","Michigan","state",NA,"December",2019,4922000,4747000,175000,0.0355546525802519
27,"MN","Minnesota","state",NA,"May",2020,3060535,2773601,286934,0.0937528896091696
27,"MN","Minnesota","state",NA,"April",2020,3053423,2790199,263224,0.0862062020231065
27,"MN","Minnesota","state",NA,"March",2020,3086604,2978932,107672,0.0348836455858931
27,"MN","Minnesota","state",NA,"February",2020,3103816,2992840,110976,0.0357546967990371
27,"MN","Minnesota","state",NA,"January",2020,3096839,2983505,113334,0.0365966716384029
27,"MN","Minnesota","state",NA,"December",2019,3123709,3015523,108186,0.0346338279269932
27,"MN","Minnesota","state",NA,"November",2019,3123662,3035527,88135,0.0282152806545651
27,"MN","Minnesota","state",NA,"October",2019,3125946,3044190,81756,0.0261540026603147
27,"MN","Minnesota","state",NA,"September",2019,3110208,3029648,80560,0.0259018046381464
27,"MN","Minnesota","state",NA,"August",2019,3122724,3028464,94260,0.0301851844735558
27,"MN","Minnesota","state",NA,"July",2019,3142453,3042822,99631,0.031704849682716
27,"MN","Minnesota","state",NA,"June",2019,3126861,3025762,101099,0.0323324253940293
27,"MN","Minnesota","state",NA,"May",2019,3094150,3011036,83114,0.0268616582906453
27,"MN","Minnesota","state",NA,"April",2019,3085711,2990812,94899,0.0307543383032306
27,"MN","Minnesota","state",NA,"March",2019,3090439,2969138,121301,0.0392504107021689
27,"MN","Minnesota","state",NA,"February",2019,3086374,2966256,120118,0.0389188089324236
27,"MN","Minnesota","state",NA,"January",2019,3083538,2950697,132841,0.0430807079400351
29,"MO","Missouri","state",NA,"May",2020,3013983,2718715,295268,0.0979660469219634
29,"MO","Missouri","state",NA,"April",2020,3030512,2733032,297480,0.0981616307739418
29,"MO","Missouri","state",NA,"March",2020,3138290,3014950,123340,0.0393016579092436
29,"MO","Missouri","state",NA,"February",2020,3091488,2976387,115101,0.0372315855665621
29,"MO","Missouri","state",NA,"January",2020,3095286,2963025,132261,0.0427298155970078
29,"MO","Missouri","state",NA,"December",2019,3096892,2991495,105397,0.0340331532387955
29,"MO","Missouri","state",NA,"November",2019,3099987,3003965,96022,0.0309749686047071
29,"MO","Missouri","state",NA,"October",2019,3103578,3017273,86305,0.027808226505021
29,"MO","Missouri","state",NA,"September",2019,3083575,3001540,82035,0.0266038607784795
29,"MO","Missouri","state",NA,"August",2019,3077694,2968933,108761,0.0353384709461045
29,"MO","Missouri","state",NA,"July",2019,3117422,3000392,117030,0.0375406345371272
29,"MO","Missouri","state",NA,"June",2019,3108213,3003851,104362,0.0335762060064738
29,"MO","Missouri","state",NA,"May",2019,3072393,2980633,91760,0.0298659709223397
29,"MO","Missouri","state",NA,"April",2019,3060323,2977656,82667,0.0270125081568187
29,"MO","Missouri","state",NA,"March",2019,3068119,2955210,112909,0.0368007238311161
29,"MO","Missouri","state",NA,"February",2019,3064263,2949862,114401,0.0373339364147268
29,"MO","Missouri","state",NA,"January",2019,3046480,2929448,117032,0.0384154827866915
28,"MS","Mississippi","state",NA,"January",2020,1257892,1190407,67485,0.0536492799063831
28,"MS","Mississippi","state",NA,"February",2020,1262857,1198146,64711,0.0512417478780258
28,"MS","Mississippi","state",NA,"March",2020,1268451,1207861,60590,0.0477669220174843
28,"MS","Mississippi","state",NA,"April",2020,1194015,1006236,187779,0.157266868506677
28,"MS","Mississippi","state",NA,"May",2020,1213000,1085200,127800,0.105358615004122
30,"MT","Montana","state",NA,"January",2019,526011,502439,23572,0.0448127510641412
30,"MT","Montana","state",NA,"February",2019,526862,504628,22234,0.042200804005603
30,"MT","Montana","state",NA,"March",2019,527703,505541,22162,0.0419971082218596
30,"MT","Montana","state",NA,"April",2019,528624,510921,17703,0.0334888313810951
30,"MT","Montana","state",NA,"May",2019,532019,516822,15197,0.0285647693033519
30,"MT","Montana","state",NA,"June",2019,539659,521553,18106,0.0335508163488425
30,"MT","Montana","state",NA,"July",2019,543860,527026,16834,0.0309528187401169
30,"MT","Montana","state",NA,"August",2019,542082,525258,16824,0.0310358949384042
30,"MT","Montana","state",NA,"September",2019,534592,518723,15869,0.0296843200047887
30,"MT","Montana","state",NA,"October",2019,535076,518171,16905,0.0315936427722417
30,"MT","Montana","state",NA,"November",2019,534315,516106,18209,0.0340791480680872
30,"MT","Montana","state",NA,"December",2019,531156,511817,19339,0.0364092658277418
30,"MT","Montana","state",NA,"January",2020,534089,510463,23626,0.0442360730140482
30,"MT","Montana","state",NA,"February",2020,535223,512749,22474,0.0419899742724061
30,"MT","Montana","state",NA,"March",2020,535146,512504,22642,0.0423099490606302
30,"MT","Montana","state",NA,"April",2020,518037,456449,61588,0.118887260948542
30,"MT","Montana","state",NA,"May",2020,522050,477874,44176,0.0846202471027679
37,"NC","North Carolina","state",NA,"January",2019,5013715,4789199,224516,0.0447803674520789
37,"NC","North Carolina","state",NA,"February",2019,5059666,4847920,211746,0.0418497979906184
37,"NC","North Carolina","state",NA,"March",2019,5072312,4868784,203528,0.0401252919773074
37,"NC","North Carolina","state",NA,"April",2019,5050492,4871580,178912,0.0354246675373409
37,"NC","North Carolina","state",NA,"May",2019,5081718,4885278,196440,0.0386562182317083
37,"NC","North Carolina","state",NA,"June",2019,5097518,4884366,213152,0.04181485970231
37,"NC","North Carolina","state",NA,"July",2019,5125881,4906342,219539,0.0428295155505951
37,"NC","North Carolina","state",NA,"August",2019,5074829,4864622,210207,0.0414214942020706
37,"NC","North Carolina","state",NA,"September",2019,5094495,4919877,174618,0.0342758212541184
37,"NC","North Carolina","state",NA,"October",2019,5123098,4943017,180081,0.0351508013315381
37,"NC","North Carolina","state",NA,"November",2019,5100768,4922937,177831,0.0348635734854046
37,"NC","North Carolina","state",NA,"December",2019,5070827,4902572,168255,0.0331809781718051
37,"NC","North Carolina","state",NA,"January",2020,5085420,4878692,206728,0.0406511163286415
37,"NC","North Carolina","state",NA,"February",2020,5123363,4934196,189167,0.0369224277100803
37,"NC","North Carolina","state",NA,"March",2020,4979418,4766611,212807,0.042737323920185
37,"NC","North Carolina","state",NA,"April",2020,4683309,4098139,585170,0.124947980156765
37,"NC","North Carolina","state",NA,"May",2020,4841906,4224833,617073,0.127444233737706
38,"ND","North Dakota","state",NA,"January",2020,399574,388274,11300,0.0282801183260172
38,"ND","North Dakota","state",NA,"February",2020,400739,389594,11145,0.0278111189577256
38,"ND","North Dakota","state",NA,"March",2020,402720,391913,10807,0.0268350218514104
38,"ND","North Dakota","state",NA,"April",2020,405037,367726,37311,0.0921175102521498
38,"ND","North Dakota","state",NA,"May",2020,403634,368779,34855,0.0863529831480995
31,"NE","Nebraska","state",NA,"January",2020,1036702,1003579,33123,0.0319503579620759
31,"NE","Nebraska","state",NA,"February",2020,1041996,1010576,31420,0.0301536666167624
31,"NE","Nebraska","state",NA,"March",2020,1059311,1014731,44580,0.0420839583465101
31,"NE","Nebraska","state",NA,"April",2020,1058900,967661,91239,0.0861639437151761
31,"NE","Nebraska","state",NA,"May",2020,1056413,1002852,53561,0.0507008149274952
33,"NH","New Hampshire","state",NA,"January",2020,781000,757090,23910,0.0306145966709347
33,"NH","New Hampshire","state",NA,"February",2020,780420,756460,23960,0.030701417185618
33,"NH","New Hampshire","state",NA,"March",2020,764210,743130,21080,0.0275840410358409
33,"NH","New Hampshire","state",NA,"April",2020,713760,590890,122870,0.172144698498095
33,"NH","New Hampshire","state",NA,"May",2020,722490,617960,104530,0.144680203186203
34,"NJ","New Jersey","state",NA,"January",2020,4558900,4358600,200300,0.0439360372019566
34,"NJ","New Jersey","state",NA,"February",2020,4582200,4390600,191600,0.0418139758194754
34,"NJ","New Jersey","state",NA,"March",2020,4565500,4396600,169000,0.0370167561055744
34,"NJ","New Jersey","state",NA,"April",2020,4455900,3748800,707200,0.158710922597006
35,"NM","New Mexico","state",NA,"January",2010,925396,850237,75159,0.0812182028018275
35,"NM","New Mexico","state",NA,"February",2010,929658,854176,75482,0.0811932990411528
35,"NM","New Mexico","state",NA,"March",2010,929659,853710,75949,0.081695546431541
35,"NM","New Mexico","state",NA,"April",2010,935605,861407,74198,0.0793048348394889
35,"NM","New Mexico","state",NA,"May",2010,935364,859923,75441,0.0806541624437117
35,"NM","New Mexico","state",NA,"June",2010,949623,863872,85751,0.0903000453864323
35,"NM","New Mexico","state",NA,"July",2010,948303,864904,83399,0.0879455195227686
35,"NM","New Mexico","state",NA,"August",2010,939690,860706,78984,0.0840532516042525
35,"NM","New Mexico","state",NA,"September",2010,932666,858213,74453,0.0798281485547881
35,"NM","New Mexico","state",NA,"October",2010,936646,864341,72305,0.0771956534272286
35,"NM","New Mexico","state",NA,"November",2010,936847,865265,71582,0.0764073536020289
35,"NM","New Mexico","state",NA,"December",2010,933590,865091,68499,0.0733716085219422
35,"NM","New Mexico","state",NA,"January",2011,925783,852207,73576,0.0794743476603048
35,"NM","New Mexico","state",NA,"February",2011,926884,856367,70517,0.0760796388760622
35,"NM","New Mexico","state",NA,"March",2011,924040,856187,67853,0.0734308038613047
35,"NM","New Mexico","state",NA,"April",2011,925244,860532,64712,0.0699404697571668
35,"NM","New Mexico","state",NA,"May",2011,923950,858240,65710,0.071118567022025
35,"NM","New Mexico","state",NA,"June",2011,937543,861527,76016,0.0810800144633366
35,"NM","New Mexico","state",NA,"July",2011,936226,861394,74832,0.0799294187514553
35,"NM","New Mexico","state",NA,"August",2011,931780,859171,72609,0.0779250466848398
35,"NM","New Mexico","state",NA,"September",2011,930612,860188,70424,0.0756749321951576
35,"NM","New Mexico","state",NA,"October",2011,933019,864222,68797,0.07373590462788
35,"NM","New Mexico","state",NA,"November",2011,934854,866625,68229,0.0729835888812585
35,"NM","New Mexico","state",NA,"December",2011,934347,867005,67342,0.0720738654910863
35,"NM","New Mexico","state",NA,"January",2012,923081,851769,71312,0.0772543254600626
35,"NM","New Mexico","state",NA,"February",2012,926152,856846,69306,0.0748322089678584
35,"NM","New Mexico","state",NA,"March",2012,923322,857446,65876,0.0713467241114151
35,"NM","New Mexico","state",NA,"April",2012,919514,859239,60275,0.065550932340345
35,"NM","New Mexico","state",NA,"May",2012,918914,857089,61825,0.0672805072074209
35,"NM","New Mexico","state",NA,"June",2012,934947,861772,73175,0.0782664685805719
35,"NM","New Mexico","state",NA,"July",2012,931480,859448,72032,0.0773306995319277
35,"NM","New Mexico","state",NA,"August",2012,924501,857203,67298,0.0727938639330839
35,"NM","New Mexico","state",NA,"September",2012,924087,860937,63150,0.0683377214483052
35,"NM","New Mexico","state",NA,"October",2012,936212,872945,63267,0.0675776426706772
35,"NM","New Mexico","state",NA,"November",2012,936783,873375,63408,0.0676869669923558
35,"NM","New Mexico","state",NA,"December",2012,934536,871330,63206,0.0676335636080365
35,"NM","New Mexico","state",NA,"January",2013,923257,855474,67783,0.0734172608493626
35,"NM","New Mexico","state",NA,"February",2013,924480,858776,65704,0.0710713049498096
35,"NM","New Mexico","state",NA,"March",2013,917530,856387,61143,0.0666386930127625
35,"NM","New Mexico","state",NA,"April",2013,919421,860593,58828,0.0639837462925037
35,"NM","New Mexico","state",NA,"May",2013,919726,859642,60084,0.065328152080076
35,"NM","New Mexico","state",NA,"June",2013,928257,857026,71231,0.0767362917812632
35,"NM","New Mexico","state",NA,"July",2013,925970,856246,69724,0.075298335799216
35,"NM","New Mexico","state",NA,"August",2013,921366,856296,65070,0.0706234004727763
35,"NM","New Mexico","state",NA,"September",2013,922138,858670,63468,0.0688270085388521
35,"NM","New Mexico","state",NA,"October",2013,926087,862708,63379,0.0684374146273514
35,"NM","New Mexico","state",NA,"November",2013,929611,867483,62128,0.0668322556424139
35,"NM","New Mexico","state",NA,"December",2013,928952,868350,60602,0.065236955192518
35,"NM","New Mexico","state",NA,"January",2014,925859,860366,65493,0.0707375529103244
35,"NM","New Mexico","state",NA,"February",2014,927307,862650,64657,0.0697255601435123
35,"NM","New Mexico","state",NA,"March",2014,925050,862195,62855,0.0679476785038647
35,"NM","New Mexico","state",NA,"April",2014,923647,865941,57706,0.0624762490431951
35,"NM","New Mexico","state",NA,"May",2014,926562,866874,59688,0.0644187868701717
35,"NM","New Mexico","state",NA,"June",2014,935329,865695,69634,0.0744486699332534
35,"NM","New Mexico","state",NA,"July",2014,935834,866919,68915,0.0736401968725223
35,"NM","New Mexico","state",NA,"August",2014,930990,867492,63498,0.0682048142300132
35,"NM","New Mexico","state",NA,"September",2014,930722,869988,60734,0.065254716231055
35,"NM","New Mexico","state",NA,"October",2014,938447,879998,58449,0.0622826861825974
35,"NM","New Mexico","state",NA,"November",2014,941871,883054,58817,0.0624469805313042
35,"NM","New Mexico","state",NA,"December",2014,939398,883518,55880,0.0594849041620272
35,"NM","New Mexico","state",NA,"January",2015,931695,869975,61720,0.0662448548076355
35,"NM","New Mexico","state",NA,"February",2015,934029,872615,61414,0.0657517057821545
35,"NM","New Mexico","state",NA,"March",2015,931086,871038,60048,0.0644924314187948
35,"NM","New Mexico","state",NA,"April",2015,930046,873549,56497,0.0607464577020922
35,"NM","New Mexico","state",NA,"May",2015,930287,872113,58174,0.0625333902333366
35,"NM","New Mexico","state",NA,"June",2015,939410,871396,68014,0.0724007621805176
35,"NM","New Mexico","state",NA,"July",2015,936140,869553,66587,0.0711293182643622
35,"NM","New Mexico","state",NA,"August",2015,931464,870013,61451,0.0659724906169213
35,"NM","New Mexico","state",NA,"September",2015,929562,870324,59238,0.0637267874547367
35,"NM","New Mexico","state",NA,"October",2015,937143,878086,59057,0.0630181306374801
35,"NM","New Mexico","state",NA,"November",2015,940630,881301,59329,0.0630736846581546
35,"NM","New Mexico","state",NA,"December",2015,939182,881101,58081,0.0618421136691291
35,"NM","New Mexico","state",NA,"January",2016,930841,868443,62398,0.067034004733354
35,"NM","New Mexico","state",NA,"February",2016,935701,874061,61640,0.0658757444953035
35,"NM","New Mexico","state",NA,"March",2016,932835,872139,60696,0.0650661692582289
35,"NM","New Mexico","state",NA,"April",2016,931854,874384,57470,0.0616727513108277
35,"NM","New Mexico","state",NA,"May",2016,931087,872947,58140,0.0624431444107801
35,"NM","New Mexico","state",NA,"June",2016,940913,871307,69606,0.073977083959941
35,"NM","New Mexico","state",NA,"July",2016,939676,870769,68907,0.0733305948007611
35,"NM","New Mexico","state",NA,"August",2016,935935,871080,64855,0.0692943420216147
35,"NM","New Mexico","state",NA,"September",2016,935411,873379,62032,0.0663152346936267
35,"NM","New Mexico","state",NA,"October",2016,938822,878377,60445,0.0643838768158394
35,"NM","New Mexico","state",NA,"November",2016,941759,882298,59461,0.0631382338793683
35,"NM","New Mexico","state",NA,"December",2016,941338,883900,57438,0.0610174028882293
35,"NM","New Mexico","state",NA,"January",2017,931686,869963,61723,0.0662487146957237
35,"NM","New Mexico","state",NA,"February",2017,934960,875053,59907,0.064074398904766
35,"NM","New Mexico","state",NA,"March",2017,933509,876415,57094,0.0611606315525614
35,"NM","New Mexico","state",NA,"April",2017,932900,880580,52320,0.0560831814771144
35,"NM","New Mexico","state",NA,"May",2017,930110,878128,51982,0.0558880132457451
35,"NM","New Mexico","state",NA,"June",2017,941849,880297,61552,0.0653523016959194
35,"NM","New Mexico","state",NA,"July",2017,939847,879946,59901,0.0637348419476787
35,"NM","New Mexico","state",NA,"August",2017,934577,878844,55733,0.0596344656459553
35,"NM","New Mexico","state",NA,"September",2017,936552,883884,52668,0.056236065909848
35,"NM","New Mexico","state",NA,"October",2017,937798,887566,50232,0.0535637738617485
35,"NM","New Mexico","state",NA,"November",2017,941000,891513,49487,0.0525897980871413
35,"NM","New Mexico","state",NA,"December",2017,940058,892832,47226,0.0502373257820262
35,"NM","New Mexico","state",NA,"January",2018,931015,880635,50380,0.0541129842161512
35,"NM","New Mexico","state",NA,"February",2018,935763,887874,47889,0.0511764196703653
35,"NM","New Mexico","state",NA,"March",2018,932495,887579,44916,0.0481675504962493
35,"NM","New Mexico","state",NA,"April",2018,931907,890623,41284,0.0443005578882871
35,"NM","New Mexico","state",NA,"May",2018,931111,890467,40644,0.0436510791946395
35,"NM","New Mexico","state",NA,"June",2018,944787,893286,51501,0.0545106992369709
35,"NM","New Mexico","state",NA,"July",2018,944247,893810,50437,0.0534150492402941
35,"NM","New Mexico","state",NA,"August",2018,937988,890968,47020,0.0501285730734295
35,"NM","New Mexico","state",NA,"September",2018,939873,893834,46039,0.048984277663046
35,"NM","New Mexico","state",NA,"October",2018,948513,902331,46182,0.0486888424302039
35,"NM","New Mexico","state",NA,"November",2018,952647,906635,46012,0.0482991076442796
35,"NM","New Mexico","state",NA,"December",2018,953970,907837,46133,0.0483589630701175
35,"NM","New Mexico","state",NA,"January",2019,943522,893561,49961,0.0529516004926223
35,"NM","New Mexico","state",NA,"February",2019,949111,900781,48330,0.0509213358606106
35,"NM","New Mexico","state",NA,"March",2019,945164,900003,45161,0.0477811258152024
35,"NM","New Mexico","state",NA,"April",2019,944960,903001,41959,0.0444029376904843
35,"NM","New Mexico","state",NA,"May",2019,944675,902515,42160,0.0446291052478366
35,"NM","New Mexico","state",NA,"June",2019,958214,905321,52893,0.0551995691985298
35,"NM","New Mexico","state",NA,"July",2019,960503,907840,52663,0.0548285637837675
35,"NM","New Mexico","state",NA,"August",2019,955627,908560,47067,0.0492524803087397
35,"NM","New Mexico","state",NA,"September",2019,955891,911705,44186,0.0462249356882741
35,"NM","New Mexico","state",NA,"October",2019,963427,918754,44673,0.0463688478732691
35,"NM","New Mexico","state",NA,"November",2019,967203,922512,44691,0.0462064323621825
35,"NM","New Mexico","state",NA,"December",2019,966863,923442,43421,0.0449091546578988
35,"NM","New Mexico","state",NA,"January",2020,958293,910393,47900,0.0499847124000697
35,"NM","New Mexico","state",NA,"February",2020,962141,913454,48687,0.0506027702800317
35,"NM","New Mexico","state",NA,"March",2020,962996,902951,60045,0.0623522839139519
35,"NM","New Mexico","state",NA,"April",2020,911148,807058,104090,0.114240496604284
35,"NM","New Mexico","state",NA,"May",2020,898438,819623,78815,0.0877244729185542
32,"NV","Nevada","state",NA,"January",2019,1521685,1452770,68915,0.0452886109805906
32,"NV","Nevada","state",NA,"January",2020,1560901,1501021,59880,0.0383624586056387
32,"NV","Nevada","state",NA,"February",2019,1532073,1467615,64458,0.042072407776914
32,"NV","Nevada","state",NA,"February",2020,1572996,1513453,59543,0.0378532431105991
32,"NV","Nevada","state",NA,"March",2019,1530663,1468457,62206,0.0406399057140599
32,"NV","Nevada","state",NA,"March",2020,1561501,1454249,107252,0.0686851945659977
32,"NV","Nevada","state",NA,"April",2019,1531684,1471710,59974,0.0391555960628955
32,"NV","Nevada","state",NA,"April",2020,1425549,999846,428703,0.300728350972152
32,"NV","Nevada","state",NA,"May",2019,1538540,1479477,59063,0.0383889921613998
32,"NV","Nevada","state",NA,"May",2020,1384397,1035795,348602,0.251807826801127
32,"NV","Nevada","state",NA,"June",2019,1543666,1479918,63748,0.0412964980766565
32,"NV","Nevada","state",NA,"July",2019,1550643,1487439,63204,0.0407598654235694
32,"NV","Nevada","state",NA,"August",2019,1548152,1488444,59708,0.0385672724642025
32,"NV","Nevada","state",NA,"September",2019,1552411,1494671,57740,0.0371937586116048
32,"NV","Nevada","state",NA,"October",2019,1555164,1499714,55450,0.035655403545864
32,"NV","Nevada","state",NA,"November",2019,1554598,1501624,52974,0.0340756903070762
32,"NV","Nevada","state",NA,"December",2019,1550143,1497868,52275,0.0337226952610179
36,"NY","New York","state",NA,"January",2020,5499300,5250900,248300,0.0451512010619533
36,"NY","New York","state",NA,"February",2020,5485800,5248700,237100,0.0432206788435597
36,"NY","New York","state",NA,"March",2020,5455000,5215200,239800,0.0439596700274977
36,"NY","New York","state",NA,"April",2020,5308600,4491000,817500,0.153995403684587
36,"NY","New York","state",NA,"May",2020,5407900,4782300,625600,0.115682612474343
36,"NY","New York","state",NA,"January",2019,5421300,5171100,250100,0.0461328463652629
36,"NY","New York","state",NA,"February",2019,5423100,5177200,245900,0.0453430694621158
36,"NY","New York","state",NA,"March",2019,5424800,5199100,225600,0.0415867866096446
36,"NY","New York","state",NA,"April",2019,5386700,5195200,191500,0.0355505225833999
36,"NY","New York","state",NA,"May",2019,5404700,5214600,190100,0.0351730900882565
36,"NY","New York","state",NA,"June",2019,5484100,5279000,205100,0.0373990262759614
36,"NY","New York","state",NA,"July",2019,5514700,5288800,225800,0.040945110341451
36,"NY","New York","state",NA,"August",2019,5479000,5254500,224500,0.0409746304070086
36,"NY","New York","state",NA,"September",2019,5449800,5249500,200300,0.0367536423354985
36,"NY","New York","state",NA,"October",2019,5470300,5266800,203400,0.0371826042447398
36,"NY","New York","state",NA,"November",2019,5445700,5240300,205400,0.0377178324182382
36,"NY","New York","state",NA,"December",2019,5438300,5212300,225900,0.0415387161429123
39,"OH","Ohio","state",NA,"March",2019,5775000,5530000,245000,0.0424242424242424
39,"OH","Ohio","state",NA,"March",2020,5729900,5418800,311000,0.0542766889474511
39,"OH","Ohio","state",NA,"January",2019,5752000,5456000,296000,0.0514603616133519
39,"OH","Ohio","state",NA,"January",2020,5782100,5490200,291900,0.0504833883883018
39,"OH","Ohio","state",NA,"April",2019,5753000,5551000,202000,0.0351121154180428
39,"OH","Ohio","state",NA,"April",2020,5652600,4675300,977300,0.172893889537558
39,"OH","Ohio","state",NA,"May",2019,5781000,5568000,214000,0.0370178169866805
39,"OH","Ohio","state",NA,"May",2020,5747600,4979200,768400,0.133690583895887
39,"OH","Ohio","state",NA,"February",2019,5770000,5507000,263000,0.045580589254766
39,"OH","Ohio","state",NA,"February",2020,5836700,5560100,276600,0.0473897921770864
39,"OH","Ohio","state",NA,"June",2019,5845000,5591000,254000,0.0434559452523524
39,"OH","Ohio","state",NA,"July",2019,5884000,5618000,266000,0.0452073419442556
39,"OH","Ohio","state",NA,"August",2019,5848000,5602000,246000,0.0420656634746922
39,"OH","Ohio","state",NA,"September",2019,5806000,5581000,225000,0.0387530141233207
39,"OH","Ohio","state",NA,"October",2019,5829000,5609000,220000,0.0377423228684165
39,"OH","Ohio","state",NA,"November",2019,5809000,5594000,215000,0.0370115338268205
39,"OH","Ohio","state",NA,"December",2019,5777000,5558000,219000,0.0379089492816341
41,"OR","Oregon","state",NA,"January",2019,2092729,1992467,100262,0.0479096911257979
41,"OR","Oregon","state",NA,"February",2019,2098128,2002557,95571,0.0455506051108417
41,"OR","Oregon","state",NA,"March",2019,2096772,2002317,94455,0.0450478163577156
41,"OR","Oregon","state",NA,"April",2019,2092686,2012456,80230,0.0383382886873616
41,"OR","Oregon","state",NA,"May",2019,2092575,2020585,71990,0.0344025901102708
41,"OR","Oregon","state",NA,"June",2019,2113944,2030176,83768,0.0396264044837517
41,"OR","Oregon","state",NA,"July",2019,2126411,2040655,85756,0.0403289862590064
41,"OR","Oregon","state",NA,"August",2019,2123490,2041350,82140,0.0386816043400251
41,"OR","Oregon","state",NA,"September",2019,2109356,2044416,64940,0.0307866476782487
41,"OR","Oregon","state",NA,"October",2019,2109185,2045517,63668,0.0301860671301948
41,"OR","Oregon","state",NA,"November",2019,2103774,2042492,61282,0.0291295547905811
41,"OR","Oregon","state",NA,"December",2019,2089779,2028614,61165,0.029268645153387
41,"OR","Oregon","state",NA,"January",2020,2088894,2009543,79351,0.0379870879039339
41,"OR","Oregon","state",NA,"February",2020,2100525,2021682,78843,0.0375349019887885
41,"OR","Oregon","state",NA,"March",2020,2104141,2022174,81967,0.0389550890363336
41,"OR","Oregon","state",NA,"April",2020,2101238,1789587,311651,0.148317801220043
41,"OR","Oregon","state",NA,"May",2020,2110532,1818599,291933,0.138321996539261
42,"PA","Pennsylvania","state",NA,"January",2020,6518000,6184000,334000,0.0512427124884934
42,"PA","Pennsylvania","state",NA,"February",2020,6559000,6225000,334000,0.0509223967068151
42,"PA","Pennsylvania","state",NA,"March",2020,6501000,6119000,382000,0.0587601907398862
42,"PA","Pennsylvania","state",NA,"April",2020,6402000,5403000,1e+06,0.156201187129022
42,"PA","Pennsylvania","state",NA,"May",2020,6463000,5628000,835000,0.129196967352623
44,"RI","Rhode Island","state",NA,"January",2020,555877,533321,22556,0.0405773219615131
44,"RI","Rhode Island","state",NA,"February",2020,558430,536232,22198,0.0397507297244059
44,"RI","Rhode Island","state",NA,"March",2020,560847,532920,27927,0.0497943289346292
44,"RI","Rhode Island","state",NA,"April",2020,523359,429849,93510,0.178672765730598
44,"RI","Rhode Island","state",NA,"May",2020,518556,435646,82910,0.159886299647483
45,"SC","South Carolina","state",NA,"February",2020,2397123,2323944,73179,0.0305278452544988
45,"SC","South Carolina","state",NA,"March",2020,2403025,2330172,72853,0.0303172043570084
45,"SC","South Carolina","state",NA,"April",2020,2370275,2081253,289022,0.121936062271255
45,"SC","South Carolina","state",NA,"May",2020,2427358,2132042,295316,0.121661493689847
46,"SD","South Dakota","state",NA,"January",2020,461820,444256,17564,0.038032133731757
46,"SD","South Dakota","state",NA,"February",2020,464194,447445,16749,0.0360818967931511
46,"SD","South Dakota","state",NA,"March",2020,465585,449860,15725,0.0337747135324377
46,"SD","South Dakota","state",NA,"April",2020,467575,416227,51348,0.109817676308614
46,"SD","South Dakota","state",NA,"May",2020,464600,421779,42821,0.0921674558760224
47,"TN","Tennessee","state",NA,"January",2020,3331920,3204461,127459,0.0382539196619367
47,"TN","Tennessee","state",NA,"February",2020,3352938,3225579,127359,0.0379842991430202
47,"TN","Tennessee","state",NA,"March",2020,3381975,3272663,109312,0.0323219420604824
47,"TN","Tennessee","state",NA,"April",2020,3219243,2736337,482906,0.150006072856258
47,"TN","Tennessee","state",NA,"May",2020,3303771,2940938,362833,0.109823895179176
48,"TX","Texas","state",NA,"January",2019,13938076,13365741,572335,0.0410626976061832
48,"TX","Texas","state",NA,"February",2019,14001465,13486223,515242,0.0367991492318839
48,"TX","Texas","state",NA,"March",2019,13976212,13486329,489883,0.0350511998530074
48,"TX","Texas","state",NA,"April",2019,13922611,13504971,417640,0.0299972469244454
48,"TX","Texas","state",NA,"May",2019,13926760,13491168,435592,0.0312773394529668
48,"TX","Texas","state",NA,"June",2019,14009283,13489259,520024,0.0371199582448295
48,"TX","Texas","state",NA,"July",2019,14064960,13524473,540487,0.0384279087889336
48,"TX","Texas","state",NA,"August",2019,14030092,13506644,523448,0.0373089499341843
48,"TX","Texas","state",NA,"September",2019,14111297,13628468,482829,0.0342157776142051
48,"TX","Texas","state",NA,"October",2019,14161315,13686986,474329,0.0334947001743835
48,"TX","Texas","state",NA,"November",2019,14209425,13729113,480312,0.0338023530156921
48,"TX","Texas","state",NA,"December",2019,14192255,13722119,470136,0.0331262368101475
48,"TX","Texas","state",NA,"January",2020,14188058,13655624,532434,0.0375269117168819
48,"TX","Texas","state",NA,"February",2020,14283348,13775210,508138,0.035575552734555
48,"TX","Texas","state",NA,"March",2020,14031076,13312340,718736,0.0512245817783326
48,"TX","Texas","state",NA,"April",2020,12953286,11259524,1693762,0.130759252903086
48,"TX","Texas","state",NA,"May",2020,13462785,11752162,1710623,0.127063085386865
49,"UT","Utah","state",NA,"January",2019,1581779,1532394,49385,0.0312211756509601
49,"UT","Utah","state",NA,"January",2020,1626802,1586763,40039,0.0246120916989283
49,"UT","Utah","state",NA,"October",2019,1610853,1569807,41046,0.0254809098036879
49,"UT","Utah","state",NA,"November",2019,1617037,1577859,39178,0.0242282644120079
49,"UT","Utah","state",NA,"December",2019,1622443,1582820,39623,0.0244218132778779
49,"UT","Utah","state",NA,"February",2019,1583689,1535434,48255,0.0304699975815959
49,"UT","Utah","state",NA,"February",2020,1630650,1590199,40451,0.0248066721859381
49,"UT","Utah","state",NA,"March",2019,1585267,1538066,47201,0.0297747950345273
49,"UT","Utah","state",NA,"March",2020,1623114,1565274,57840,0.0356352049209113
49,"UT","Utah","state",NA,"April",2019,1586487,1540433,46054,0.0290289173500949
49,"UT","Utah","state",NA,"April",2020,1600601,1434307,166294,0.103894724544093
49,"UT","Utah","state",NA,"May",2019,1587815,1542357,45458,0.0286292798594295
49,"UT","Utah","state",NA,"May",2020,1610853,1473599,137254,0.0852057884859761
49,"UT","Utah","state",NA,"June",2019,1590502,1545287,45215,0.0284281314955907
49,"UT","Utah","state",NA,"July",2019,1595978,1550525,45453,0.028479715885808
49,"UT","Utah","state",NA,"August",2019,1601441,1556358,45083,0.0281515210363666
49,"UT","Utah","state",NA,"September",2019,1606085,1562718,43367,0.0270016842197019
51,"VA","Virginia","state",NA,"January",2019,4351685,4202310,149375,0.0343257841502774
51,"VA","Virginia","state",NA,"February",2019,4379746,4242132,137614,0.0314205435657684
51,"VA","Virginia","state",NA,"March",2019,4392682,4261323,131359,0.0299040540608221
51,"VA","Virginia","state",NA,"April",2019,4380461,4273985,106476,0.0243070306983671
51,"VA","Virginia","state",NA,"May",2019,4401947,4283709,118238,0.0268603870060226
51,"VA","Virginia","state",NA,"June",2019,4434710,4304790,129920,0.0292961659274225
51,"VA","Virginia","state",NA,"July",2019,4465718,4333739,131979,0.0295538141906856
51,"VA","Virginia","state",NA,"August",2019,4422123,4291862,130261,0.0294566659498164
51,"VA","Virginia","state",NA,"September",2019,4420479,4306133,114346,0.0258673324768651
51,"VA","Virginia","state",NA,"October",2019,4440231,4328395,111836,0.0251869778847092
51,"VA","Virginia","state",NA,"November",2019,4431196,4322543,108653,0.0245200167178342
51,"VA","Virginia","state",NA,"December",2019,4425963,4318658,107305,0.0242444412662284
51,"VA","Virginia","state",NA,"January",2020,4441323,4307025,134298,0.030238287104991
51,"VA","Virginia","state",NA,"February",2020,4472457,4349458,122999,0.0275014382474778
51,"VA","Virginia","state",NA,"March",2020,4445359,4297542,147817,0.033251982573286
51,"VA","Virginia","state",NA,"April",2020,4312563,3847680,464883,0.107797381742597
51,"VA","Virginia","state",NA,"May",2020,4332115,3934121,397994,0.0918705990030274
50,"VT","Vermont","state",NA,"May",2020,341620,298555,43065,0.126061120543294
50,"VT","Vermont","state",NA,"April",2020,347808,289395,58413,0.167946108197626
50,"VT","Vermont","state",NA,"March",2020,339886,328271,11615,0.0341732227864637
50,"VT","Vermont","state",NA,"February",2020,338132,329222,8910,0.0263506559568453
50,"VT","Vermont","state",NA,"January",2020,338827,328639,10188,0.0300684420072781
50,"VT","Vermont","state",NA,"December",2019,338615,331374,7241,0.0213841678602543
50,"VT","Vermont","state",NA,"November",2019,339375,331728,7647,0.0225325966850829
50,"VT","Vermont","state",NA,"October",2019,339366,333568,5798,0.0170847993022283
50,"VT","Vermont","state",NA,"September",2019,338959,331125,7834,0.0231119397921282
50,"VT","Vermont","state",NA,"August",2019,344368,336458,7910,0.0229696139014078
50,"VT","Vermont","state",NA,"July",2019,346705,338496,8209,0.0236771895415411
50,"VT","Vermont","state",NA,"June",2019,346954,338377,8577,0.0247208563671265
50,"VT","Vermont","state",NA,"May",2019,341657,334164,7493,0.0219313522041111
50,"VT","Vermont","state",NA,"April",2019,340621,331972,8649,0.0253918578126422
50,"VT","Vermont","state",NA,"March",2019,343679,334473,9206,0.0267866235644308
50,"VT","Vermont","state",NA,"February",2019,343442,334083,9359,0.0272505983543073
50,"VT","Vermont","state",NA,"January",2019,342973,333023,9950,0.0290110300227715
53,"WA","Washington","state",NA,"January",2019,3860249,3655715,204534,0.0529846649788654
53,"WA","Washington","state",NA,"February",2019,3880267,3681953,198314,0.0511083386787559
53,"WA","Washington","state",NA,"March",2019,3889343,3702103,187240,0.0481418069838531
53,"WA","Washington","state",NA,"April",2019,3875503,3715171,160332,0.0413706298253414
53,"WA","Washington","state",NA,"May",2019,3888371,3729386,158985,0.0408873021632967
53,"WA","Washington","state",NA,"June",2019,3919625,3754823,164802,0.0420453487259623
53,"WA","Washington","state",NA,"July",2019,3944959,3780795,164164,0.0416136137283049
53,"WA","Washington","state",NA,"August",2019,3930563,3769717,160846,0.040921873024297
53,"WA","Washington","state",NA,"September",2019,3937562,3793213,144349,0.0366594862506292
53,"WA","Washington","state",NA,"October",2019,3950939,3807073,143866,0.0364131159706591
53,"WA","Washington","state",NA,"November",2019,3947984,3795728,152256,0.0385655058379163
53,"WA","Washington","state",NA,"December",2019,3944481,3786883,157598,0.0399540522568115
53,"WA","Washington","state",NA,"January",2020,3964090,3788930,175160,0.0441866859733255
53,"WA","Washington","state",NA,"February",2020,3980083,3813440,166643,0.0418692273502839
53,"WA","Washington","state",NA,"March",2020,3895060,3685856,209204,0.0537100840551879
53,"WA","Washington","state",NA,"April",2020,3948775,3314229,634546,0.160694392564783
53,"WA","Washington","state",NA,"May",2020,3936502,3353495,583007,0.148102808026009
55,"WI","Wisconsin","state",NA,"May",2020,3081769,2719991,361778,0.117392964884779
55,"WI","Wisconsin","state",NA,"April",2020,3029571,2617882,411689,0.135890196994888
55,"WI","Wisconsin","state",NA,"March",2020,3073342,2970150,103192,0.0335764779839016
55,"WI","Wisconsin","state",NA,"February",2020,3095473,2971093,124380,0.0401812582438936
55,"WI","Wisconsin","state",NA,"January",2020,3085640,2954618,131022,0.0424618555631895
55,"WI","Wisconsin","state",NA,"December",2019,3089959,2990550,99409,0.0321716242836879
55,"WI","Wisconsin","state",NA,"November",2019,3099895,3006783,93112,0.0300371464194755
55,"WI","Wisconsin","state",NA,"October",2019,3104233,3017296,86937,0.0280059518728137
55,"WI","Wisconsin","state",NA,"September",2019,3096038,3007545,88493,0.028582659515161
55,"WI","Wisconsin","state",NA,"August",2019,3120077,3013936,106141,0.0340187117176916
55,"WI","Wisconsin","state",NA,"July",2019,3150096,3036817,113279,0.0359604913628029
55,"WI","Wisconsin","state",NA,"June",2019,3150680,3033118,117562,0.0373132149250321
55,"WI","Wisconsin","state",NA,"May",2019,3085969,2991141,94828,0.0307287597509891
55,"WI","Wisconsin","state",NA,"April",2019,3082421,2984790,97631,0.0316734800340382
55,"WI","Wisconsin","state",NA,"March",2019,3096679,2979102,117577,0.0379687400599158
55,"WI","Wisconsin","state",NA,"February",2019,3101942,2983353,118589,0.038230566528968
55,"WI","Wisconsin","state",NA,"January",2019,3083718,2970152,113566,0.0368276217215712
54,"WV","West Virginia","state",NA,"January",2019,790400,751800,38600,0.048836032388664
54,"WV","West Virginia","state",NA,"January",2020,804800,764300,40500,0.0503230616302187
54,"WV","West Virginia","state",NA,"February",2019,790800,752700,38100,0.0481790591805766
54,"WV","West Virginia","state",NA,"February",2020,806600,766800,39700,0.0492189437143566
54,"WV","West Virginia","state",NA,"March",2019,791200,753400,37800,0.0477755308392315
54,"WV","West Virginia","state",NA,"March",2020,823300,773600,49700,0.0603668164703024
54,"WV","West Virginia","state",NA,"April",2019,791900,754400,37500,0.0473544639474681
54,"WV","West Virginia","state",NA,"April",2020,776700,652900,123800,0.159392300759624
54,"WV","West Virginia","state",NA,"May",2019,793000,755600,37500,0.0472887767969735
54,"WV","West Virginia","state",NA,"May",2020,779600,679200,100400,0.128783991790662
54,"WV","West Virginia","state",NA,"June",2019,794700,757000,37700,0.0474392852648798
54,"WV","West Virginia","state",NA,"July",2019,797100,758700,38400,0.0481746330447874
54,"WV","West Virginia","state",NA,"August",2019,799500,760300,39200,0.0490306441525954
54,"WV","West Virginia","state",NA,"September",2019,801600,761600,40000,0.0499001996007984
54,"WV","West Virginia","state",NA,"October",2019,803100,762400,40700,0.0506786203461586
54,"WV","West Virginia","state",NA,"November",2019,803100,762300,40800,0.0508031378408666
54,"WV","West Virginia","state",NA,"December",2019,802900,762200,40700,0.0506912442396313
56,"WY","Wyoming","state",NA,"May",2020,292808,267434,25374,0.086657468375181
56,"WY","Wyoming","state",NA,"April",2020,293713,265476,28237,0.0961380667522377
